User ID,UPN,Name,User Type,Delivery Status,Status Reason,Error
109812c1-8f38-4ff6-badd-3ee00eb02ba7,AlexW@M365x05790991.OnMicrosoft.com,Alex Wilber,Member,,0 : OK,
112591af-8188-458a-809f-aaa0ac2d5c78,AllanD@M365x05790991.OnMicrosoft.com,Allan Deyoung,Member,,0 : OK,
2a653e85-7208-426e-967c-c58ecd79f496,CameronW@M365x05790991.OnMicrosoft.com,Cameron White,Member,,0 : OK,
2d47bb3c-3df5-480c-b891-3e10b4bb3a4f,GradyA@M365x05790991.OnMicrosoft.com,Grady Archie,Member,,0 : OK,
34b94ebb-b8ac-4235-ae48-2d2dbd726bf0,JoniS@M365x05790991.OnMicrosoft.com,Joni Sherman,Member,,0 : OK,
49e857e4-7f6a-4773-a35d-b1f5ef171cd4,AdeleV@M365x05790991.OnMicrosoft.com,Adele Vance,Member,,0 : OK,
4adf54e4-dccb-4a3e-9863-0c977b66c8c9,PattiF@M365x05790991.OnMicrosoft.com,Patti Fernandez,Member,,0 : OK,
4e285a12-9653-42ef-b687-bc0028c42bae,LynneR@M365x05790991.OnMicrosoft.com,Lynne Robbins,Member,,0 : OK,
59e841ca-3932-4e15-a39d-41832fffccd6,ChristieC@M365x05790991.OnMicrosoft.com,Christie Cline,Member,,0 : OK,
5a2f7fd2-a1ac-4116-81bb-f281f673ef05,LeeG@M365x05790991.OnMicrosoft.com,Lee Gu,Member,,0 : OK,
66f23bbd-1913-4ad9-a932-5e432be0b3e6,IsaiahL@M365x05790991.OnMicrosoft.com,Isaiah Langer,Member,,0 : OK,
775e0ca3-d7c1-474c-a9bf-b3f595a4fb05,BiancaP@M365x05790991.OnMicrosoft.com,Bianca Pisani,Member,,0 : OK,
89ba14d2-1470-421f-aae3-d574ede3cbb0,GerhartM@M365x05790991.OnMicrosoft.com,Gerhart Moller,Member,,0 : OK,
a23e9803-59cf-4f64-b501-5dd2825d01b2,JohannaL@M365x05790991.OnMicrosoft.com,Johanna Lorenz,Member,,0 : OK,
ac6d1222-504b-4388-b200-846fd4c0c11f,DiegoS@M365x05790991.OnMicrosoft.com,Diego Siciliani,Member,,0 : OK,
aef824fd-d408-4c74-a355-ed03b3e8ee02,IrvinS@M365x05790991.OnMicrosoft.com,Irvin Sayers,Member,,0 : OK,
b30562f7-7cf7-4fdc-9091-7d144e5a4916,LidiaH@M365x05790991.OnMicrosoft.com,Lidia Holloway,Member,,0 : OK,
b803c4b1-d53e-4d0b-8063-37b9e9dea473,RaulR@M365x05790991.OnMicrosoft.com,Raul Razo,Member,,0 : OK,
be4719c9-b22d-4dc2-b1a0-0a2ff0826af9,MeganB@M365x05790991.OnMicrosoft.com,Megan Bowen,Member,,0 : OK,
c2934647-ca5e-41e6-936a-d84678b4135c,NestorW@M365x05790991.OnMicrosoft.com,Nestor Wilke,Member,,0 : OK,
d1ebf8a5-da31-46e2-92bb-fff3524689c8,DebraB@M365x05790991.OnMicrosoft.com,Debra Berger,Member,,0 : OK,
d4bb5498-4bff-4884-98a5-90388d8dbd39,MiriamG@M365x05790991.OnMicrosoft.com,Miriam Graham,Member,,0 : OK,
d77fa30f-b8e8-4a99-bc5a-045e6c197b12,DeliaD@M365x05790991.OnMicrosoft.com,Delia Dennis,Member,,0 : OK,
d9801c53-d35a-4078-a972-a23a0381f586,admin@M365x05790991.onmicrosoft.com,MOD Administrator,Member,,0 : OK,
df316a1a-dd7f-4239-8f80-ed7153183751,BrianJ@M365x05790991.OnMicrosoft.com,Brian Johnson (TAILSPIN),Member,,0 : OK,
